{"project_info":{"project_id":"godelivery-20b0b","project_number":"499219915334","name":"GoDelivery"},"client":[{"client_info":{"mobilesdk_app_id":"1:499219915334:android:df118c010c7ebbfe","client_id":"android:com.gojavas.taskforce","client_type":1,"android_client_info":{"package_name":"com.gojavas.taskforce"}},"oauth_client":[],"api_key":[],"services":{"analytics_service":{"status":1},"cloud_messaging_service":{"status":2,"apns_config":[]},"appinvite_service":{"status":1,"other_platform_oauth_client":[]},"google_signin_service":{"status":1},"ads_service":{"status":1}}}],"client_info":[],"ARTIFACT_VERSION":"1"}